1,1,1,2.465675161797079,0.6987395793385107,6.374657909165670
1,1,2,2.432939368257426,1.489571875251591,6.064808388518078
2,1,1,6.789203631022835,1.093882576032169,3.179206014677932
2,1,2,6.098638644824572,1.557869348318230,3.353938600867211
3,1,1,5.146809138892165,1.902621214597934,3.200752512430170
3,1,2,4.865255268130786,1.174474132114242,3.537372203366522
4,1,1,3.458359824757920,8.562668900588269,8.858765303963837
4,1,2,2.927015861105579,8.218746236552716,8.291231440404848
5,1,1,3.529618589000702,0.5506468093353247,6.390553284824617
5,1,2,3.457725602475182,0.6646822782372985E-01,5.695600844050168
6,1,1,8.047804216243499,7.794870673214753,3.485802252301187
6,1,2,8.609816637078277,8.389416037396629,3.717761706201328
7,1,1,5.473089542515266,7.879926355245972,7.250562442577626
7,1,2,4.670295234937578,7.652788101801841,7.413375823375626
8,1,1,1.293965287166374,0.4433065429283057,7.241721603698627
8,1,2,1.494345282444992,9.874331809156528,7.840469886782405
9,1,1,2.972637319311148,9.642014312463159,8.575384262499146
9,1,2,3.582286222360035,9.837377173113287,9.134174268222594
10,1,1,4.313926587092287,2.174582104790962,6.267852470679363
10,1,2,3.575575434321946,2.479898249645166,5.979152384922253
11,1,1,5.906758121428434,5.576765372983780,7.162709917860611
11,1,2,6.228776560525570,5.336458683131908,6.413441881827702
12,1,1,3.696088346081232,7.057680181318773,3.794396383422709
12,1,2,4.127757184414797,7.734747436084984,4.074259964002277
13,1,1,4.556165172440727,8.315194567074291,9.682252765297839
13,1,2,5.197159070859840,8.808612967772046,9.421184074353992
14,1,1,5.753784124682139,7.969579202365537,0.9586631438367393
14,1,2,6.052598954722370,8.756967785464658,0.8440164160532077
15,1,1,8.233413134405122,3.934059392391157,5.706627166872352
15,1,2,8.910324861937529,4.130852808047029,5.232015422195984
16,1,1,7.544744200587258,3.575745264363238,4.974039506019273
16,1,2,6.772192259735996,3.397586084004349,4.667166103328481
17,1,1,5.026104880700205,0.9671340135511214,2.039525458508137
17,1,2,4.710494931967196,1.694244839706040,1.733568277879925
18,1,1,2.426372984060744,7.021635387884603,4.170152571237754
18,1,2,2.278300769907906,7.251628099588812,3.365035381943827
19,1,1,4.395022593083838,6.381334912527763,1.815671175622953
19,1,2,4.166855562224990,6.776648423455001,1.098270446165514
20,1,1,4.758577096321976,7.438006856302137,6.399530282500266
20,1,2,4.262847196314396,7.344935338631440,5.715315153846312
21,1,1,8.222302367636239,2.603009498845648,5.188750130262095
21,1,2,8.728733524520033,2.702861858489479,4.513006341261069
22,1,1,6.945344498891661,3.885289149504872,6.253586240591460
22,1,2,6.367212591117907,4.492003184822713,6.397963157331247
23,1,1,4.153725327580449,7.558145007563819,9.025283159061022
23,1,2,4.176481223919923,6.800533876223737,8.640285322887239
24,1,1,1.762842696330989,7.107458305333801,4.981381549431655
24,1,2,2.359748284333458,7.662344081617580,4.739940541310526
25,1,1,4.104413826907376,3.950089135211969,2.181484593722320
25,1,2,3.310955082788678,3.997911074951591,2.482675194098465
26,1,1,7.242181687401247,1.516184945179657,3.985172103339724
26,1,2,6.989824818265304,1.339019815657958,4.777474443967049
27,1,1,3.621164773748167,0.1334857116381336,7.446819965592859
27,1,2,3.930859441729338,9.392260220086913,7.168677131917594
28,1,1,7.542336894872563,1.953892879553771,5.586711509728641
28,1,2,7.912133694176047,1.197609530046204,5.705801152049366
29,1,1,6.927501964400419,6.168065245604599,6.458960007361337
29,1,2,6.362229579805401,6.584582640970601,6.937931789280635
30,1,1,7.865253584206013,0.7642765382119011,3.552764163397917
30,1,2,8.479639436002033,1.278997664386317,3.270177029369282
31,1,1,5.915385550701265,1.817061799512493,6.352782763401250
31,1,2,5.997262941393837,1.413686976078079,5.609293562279055
32,1,1,5.040159468156178,3.985809796446227,3.042697680360878
32,1,2,5.197781297671939,4.820773046125167,3.017150877885745
33,1,1,5.134128986781643,3.012577947388396,3.629181241013845
33,1,2,4.409000204702738,3.282295389173999,3.981296213010328
34,1,1,9.611490729510958,9.250799178340921,3.717899109522368
34,1,2,9.741303350147774,9.807164394614784,4.347073319232689
35,1,1,6.571788361359979,4.202815352700006,4.435980363858479
35,1,2,5.904522498115291,4.442119112769473,4.904710493990129
36,1,1,3.255667773458395,7.124550781126899,4.979565111411233
36,1,2,3.828945355625522,7.702263225150081,4.733597364654393
37,1,1,6.473940868872888,2.009332497488812,5.123330671975376
37,1,2,7.201858116342182,2.042144648741345,4.685763455246462
38,1,1,4.535884557375133,2.694298949515209,2.671589569302234
38,1,2,4.337023438758655,3.065603833875260,1.933232111607172
39,1,1,8.863915941295238,1.025406984478811,4.142545025719444
39,1,2,9.035793705093504,1.610543686971792,3.550435181708198
40,1,1,9.214600455507082,8.289447126826438,4.376045143450551
40,1,2,9.301900795763519,8.305694670606044,5.221161843906387
41,1,1,7.643422929567987,5.548933789338405,6.877837305469418
41,1,2,7.571643828929034,6.387131833117385,6.999139549213514
42,1,1,7.977585796615583,0.7540904120167492,4.881933253470326
42,1,2,7.441398370805739,0.1217303370053643,4.692792681967402
43,1,1,4.471309331236632,5.513989488722079,7.286997618239156
43,1,2,4.687141958516109,4.944638256607795,7.879432974094931
44,1,1,6.376733129451457,2.428593313029261,3.707692592191882
44,1,2,6.505684074901835,2.525515792245387,2.873100172011679
45,1,1,4.547139071465432,7.137702610509201,2.975549390307268
45,1,2,5.035441998977334,6.459810769025062,3.132460219215249
46,1,1,5.595520478295599,7.746374369336272,2.176266329034311
46,1,2,5.569925179269550,8.437108404900426,1.681559363827849
47,1,1,7.781397391088222,6.856520587435738,3.083767071026267
47,1,2,6.980802702266537,7.119358326688034,2.970915561088758
48,1,1,8.299813493636057,5.123010205594568,5.413278931715699
48,1,2,8.421580472979558,5.772370114086827,4.878763539601150
49,1,1,3.205710654730782,5.915373076504022,4.560783572978169
49,1,2,2.411429406805518,6.046827037045203,4.287786729357381
50,1,1,3.965118519591757,8.157825665881724,0.5724767972804358
50,1,2,4.736158715015234,8.450177084214392,0.7766613436589652
51,1,1,4.004172031448324,2.592648579925804,1.257235335893003
51,1,2,3.503223521217220,3.165639252961268,1.636317237272416
52,1,1,5.283146710761100,6.913587778511885,1.098334817154117
52,1,2,5.469530236224796,6.191172345362554,0.6915745810934405
53,1,1,0.2048886177809734,8.703665480877566,4.805957713575423
53,1,2,0.9278564600676432,9.150896982395775,4.815685968288610
54,1,1,8.785301841080852,9.703686231242537,4.393329631406909
54,1,2,8.341447565966300,8.979366086194489,4.426991576142888
55,1,1,5.511763043594134,6.318579329319565,2.332679385298153
55,1,2,5.945706848481132,6.825266467331672,2.859621856650917
56,1,1,9.667655131727988,0.6094517741368899,4.941094662097479
56,1,2,0.2422629225404715E-01,0.8221447365909849,4.199250196188071
57,1,1,5.551708000968682,6.732819666113856,7.166890836498837
57,1,2,5.132342400793187,6.090185296494540,7.533064731709353
58,1,1,8.297201554315937,2.241584033524265,6.255017881080501
58,1,2,8.830574006138228,2.617664391767424,6.800061054201598
59,1,1,4.281141244750079,5.089360551151147,1.204801648935098
59,1,2,5.089590984515056,5.350847278851727,1.222054783816388
60,1,1,5.293140495682396,6.972718365384333,9.765856651960055
60,1,2,4.707641535290111,6.547063857998865,0.2117186294608787
61,1,1,4.469268120685035,7.635350094878921,1.416556430556889
61,1,2,4.823666739825538,8.305604107314805,1.800495888154078
62,1,1,7.265251086112276,2.782236161272039,4.173284487902412
62,1,2,7.365634432518697,2.693435420292572,5.012819846268600
63,1,1,7.802813062548552,3.187887707293922,6.348059815559301
63,1,2,8.394316272542165,3.179810699659944,6.958065080063687
64,1,1,4.411975718597270,8.359336929515814,8.192577164737948
64,1,2,3.989134358911106,8.755487502488934,7.571247300034265
65,1,1,4.370032522080329,7.333127620279043,0.1242199153791391
65,1,2,3.826532273505070,6.840976641779961,9.694873101636007
66,1,1,5.567502945993490,0.6507450878337555,3.380715263342406
66,1,2,5.095093052728281,0.4601422104070381,4.060888165985011
67,1,1,3.095350688564448,8.000819166360575,3.453968220446196
67,1,2,3.910400973095459,8.219071255770752,3.555923718871851
68,1,1,3.152443015904953,1.687854204975589,6.481708056348972
68,1,2,2.860355063094159,2.179494551157386,7.110991175463116
69,1,1,3.539315066597521,1.860158752265119,8.121417703594405
69,1,2,2.789115815510360,1.986025451730683,8.500635689219823
70,1,1,5.164554440125517,7.267503628825464,8.443519998412613
70,1,2,4.551116660452434,6.930541818334069,7.960700895194104
71,1,1,3.539771554449379,9.707914085016863,0.8129081517475307
71,1,2,3.526665533975115,0.5436437820106185,0.9660861314748370
72,1,1,2.697791608242309,8.100660081566899,2.521629780931069
72,1,2,2.189848153515084,7.457546829956858,2.296345574629552
73,1,1,3.083524799626766,8.365576754337978,1.283002732929323
73,1,2,2.273111652608426,8.177251603623532,1.458253343047328
74,1,1,3.966374980732497,1.875629965515611,2.456907704905571
74,1,2,3.814316652896783,1.164965040332457,2.015374392833199
75,1,1,6.018125222613840,1.208512209583973,4.193334702990870
75,1,2,5.851244327464228,2.030193454501467,4.333288736973130
76,1,1,6.537812099452229,2.751477922855936,5.942899605464593
76,1,2,6.269713244836748,2.544770009126311,6.723015611835431
77,1,1,2.119087139863773,8.993520349288293,3.294333358392030
77,1,2,1.409459735873017,8.633034417371956,3.592822170936847
78,1,1,5.317977149267126,3.635693656810282,1.671364514664900
78,1,2,6.000808895129158,3.578924901429326,1.168458118787547
79,1,1,5.912882577906252,3.018075526145507,4.738258547323601
79,1,2,5.409789007068279,3.529923783114200,4.283267545716403
80,1,1,5.763822341516255,7.081889926642126,6.244588477486266
80,1,2,6.514569788049408,7.149600547139316,5.851558325761267
81,1,1,4.225133520338392,9.083657573323228,1.271241926656253
81,1,2,4.978000022566371,9.201836794556975,1.648297966220777
82,1,1,4.507518144477005,5.277840774730648,2.306826242823996
82,1,2,5.033346574405435,5.511025634363377,2.932505880067449
83,1,1,3.177498834074721,9.974479331895196,3.162683171575276
83,1,2,3.223942602663021,9.153960851365021,3.381218380164574
84,1,1,2.443971204075019,9.593022832974356,6.467170075567465
84,1,2,3.222994632771565,9.274988556796126,6.347560851888008
85,1,1,2.200145382417094,0.2660905608850795,5.338463577787501
85,1,2,1.427094655012136,0.3790225637954460,5.004343284625482
86,1,1,8.438090018811575,9.468330052851098,3.177771333707065
86,1,2,8.285943547262690,9.079832459752600,2.437401401977968
87,1,1,5.807681851876247,2.956039614114630,2.585216466354578
87,1,2,6.173046496373164,2.637383411213741,1.886935336783252
88,1,1,6.883488400349940,0.5159904917356269,4.004629030768087
88,1,2,6.970236526356064,9.677886588319334,4.114656095191015
89,1,1,8.679878588686417,3.585655286118375,4.523590744681329
89,1,2,9.502811172834503,3.585197066317833,4.310694234165555
90,1,1,5.358116940191267,1.841068704279996,5.180467160621624
90,1,2,5.133669481012834,1.639074713294252,5.974637485759237
91,1,1,3.089861746533145,9.172525902731660,1.949083811288544
91,1,2,2.734170526751472,9.200474193977488,2.721084534426378
92,1,1,3.532279146751156,1.260647059229222,3.638993997507041
92,1,2,4.292824828253273,1.611413270274450,3.495991893739272
93,1,1,8.012222806216814,4.201676910183483,7.108628705379480
93,1,2,8.695686837108203,4.492134600198617,7.521612453439426
94,1,1,3.509075515824925,6.018827049658957,5.809293469363825
94,1,2,3.149598975978300,5.252303076942916,5.886778874808745
95,1,1,3.054871204792315,0.9373652974009073,8.423591842634933
95,1,2,2.516571513483302,0.7537988209031514,9.055341043635719
96,1,1,3.411587845545544,7.838827429841787,9.799769213250508
96,1,2,2.910620643559037,7.600188928351777,0.4436634446686633
97,1,1,4.613192743877242,6.209566935474007,9.325381677968180
97,1,2,5.212002945753412,6.062348627423372,9.910217203519604
98,1,1,4.028265428789185,5.898950327856709,3.350739175910638
98,1,2,4.427101603570778,5.160525417825693,3.487440821165339
99,1,1,3.425443044460773,0.2732874546602864,1.993739168780806
99,1,2,4.144809835455910,9.928641974517110,1.700767432829462
100,1,1,6.485415912768909,3.548595611069636,3.547230833804463
100,1,2,5.715290988699911,3.869584478581134,3.709959177068057
101,1,1,3.072655647150298,1.063707195394395,5.633290043408407
101,1,2,3.851372960182549,0.7898218140620428,5.430033525716638
102,1,1,6.879847566457051,6.327144096877917,7.677111466603100
102,1,2,7.580107982956882,5.844498923398886,7.678317064076198
103,1,1,8.229043424871017,7.246211493806348,5.164178751826535
103,1,2,8.241084539446588,7.786592166751878,4.507960507210912
104,1,1,9.202798908611014,6.202057507952244,5.424291138085350
104,1,2,9.441443111429262,6.084082043911263,6.231293141487371
105,1,1,3.261254954655136,2.308198672948572,3.099233510576102
105,1,2,2.589299411943750,2.172828377310404,2.596638512580896
106,1,1,5.675231861914135,6.205266299899817,8.301749472778148
106,1,2,5.271177314604273,5.511056850000567,8.023234363966514
107,1,1,6.816534183252182,4.946098535550019,7.272432111355896
107,1,2,6.613153962612920,4.130846504387557,7.399678804215413
108,1,1,9.977239835256121,0.2180472866376532,5.829216279616202
108,1,2,9.535789195608393,9.561715051349768,6.139954446721004
109,1,1,2.899209045242050,1.071092192701940,2.599603173660312
109,1,2,2.061770582034681,1.102754807584054,2.740751809100916
110,1,1,7.768913573997965,5.983809286097717,5.601362183725565
110,1,2,7.205827131367153,5.684828724616872,5.039586621718013
111,1,1,6.179745855909515,6.900822420870685,0.5602814602163501
111,1,2,6.166975163444558,6.141173436509242,0.9416610350240028
112,1,1,8.574271246360087,5.280959507250859,6.412972310139827
112,1,2,8.537542053419811,5.468620257033393,7.241447054539744
113,1,1,2.794625302895700,8.396756359464025,4.356565581111580
113,1,2,3.563569373805950,8.734474691587584,4.490297052801959
114,1,1,3.904002681999094,6.320507528238370,6.839263727981902
114,1,2,3.237615463874419,6.667718928067482,7.236860745038705
115,1,1,2.211640335531098,7.910068189922685,5.629058118201972
115,1,2,2.411805972979677,7.085013842796504,5.672852350855861
116,1,1,9.774311586105197,5.288627741869144,5.629965527832468
116,1,2,0.5451528512243929,4.938584427206934,5.551758201164386
117,1,1,2.269609609028112,8.914567953704584,5.618248135857817
117,1,2,2.819497887884563,9.478256690075872,5.298254176510468
118,1,1,6.249495905499884,7.318190801109630,9.124679357259661
118,1,2,6.622060625898556,8.081297743291898,9.090355258583408
119,1,1,5.994069946974594,0.5907448437443783,5.055622861301566
119,1,2,6.818308373370550,0.3999059723846230,4.970241501326431
120,1,1,4.042727059996898,2.349305994614320,3.855849790840012
120,1,2,3.938204152411221,1.766592615679267,4.465841961351536
121,1,1,3.937053691224771,2.037339664299945,5.307982308315077
121,1,2,4.551844476519938,2.551022163719477,5.024060056532171
122,1,1,3.175787211274530,0.5702205919572132,4.275723333659688
122,1,2,2.625686142711188,1.003701460154282,4.757655984202164
123,1,1,3.006383681252770,1.721645960021153,4.468089856350375
123,1,2,3.437931139025225,2.440226006830631,4.608128712681967
124,1,1,3.311764398555570,1.094817816519301,7.409916745744000
124,1,2,2.821168260402021,1.732391041381807,7.684431148944027
125,1,1,9.671621645493735,7.130171368146680,4.976442037663411
125,1,2,0.1981025559468864,7.617273701557838,4.520111562215528
126,1,1,4.161497304463469,2.968218332145373,8.255462556581529
126,1,2,4.610158508139127,3.452490893785951,8.790720424796303
127,1,1,5.493307484560865,2.855731462393248,6.140567459750511
127,1,2,5.128476707219255,3.609341548894225,5.994740396266968
128,1,1,4.655769407643476,1.234096029699412,4.400118050757581
128,1,2,3.999381343376629,0.7099036321823170,4.526899253151463
129,1,1,4.915896386071498,6.101550177980299,6.194142943866714
129,1,2,5.327073904815779,5.533210955939072,5.714665740216473
130,1,1,6.100509857915959,0.6475450811681329,2.310335291887903
130,1,2,5.731199015562442,9.933897045257902,2.032488021722238
131,1,1,4.469870083445639,1.057111152776660,6.077324529291704
131,1,2,5.080158226034973,1.130278555176654,6.664726284498818
132,1,1,6.393254126020956,5.408708400459961,8.251813771469429
132,1,2,6.166738355289990,4.607502555685818,8.081376248417831
133,1,1,4.248435954546755,6.491730864776559,4.957105766487344
133,1,2,4.918458819618022,6.126107921599715,5.330678622587201
134,1,1,1.316004000756879,0.2635512430131046,6.151853495338726
134,1,2,1.232851065244340,9.810964143395084,5.437419513806275
135,1,1,3.097005166053107,5.242332492994628,6.831962554670403
135,1,2,2.381267863328670,5.444739835067081,7.243346197756011
136,1,1,1.650503568650561,8.696381069604241,4.623673403211931
136,1,2,1.285219258495633,8.563462626384915,5.379629857391337
137,1,1,8.732804296288112,7.169668931556295,4.170204665421811
137,1,2,8.760085689477769,6.550563521845662,4.752562805327095
138,1,1,4.750680797070187,5.334400170069284,8.733046133214433
138,1,2,5.196287357647964,4.712769077703667,8.361752213110375
139,1,1,0.1970505022580005,6.044795873659274,4.799299309083591
139,1,2,0.1017957005610526E-01,5.444437552221412,4.227072575373650
140,1,1,5.444129816951127,4.691914166955581,1.813535582271394
140,1,2,5.895418197102301,4.662003254826826,1.093796135691389
141,1,1,3.673198123074895,4.910729336677662,7.783143141840076
141,1,2,2.986920531013169,5.412204662686230,7.787967119573703
142,1,1,4.305076882351173,6.092978661863042,8.091324579521457
142,1,2,3.549591438855231,5.939764049613581,7.733300762058653
143,1,1,7.915609673024602,4.656482242447560,4.463782766449389
143,1,2,7.128869680987417,4.889637498256375,4.686059404128639
144,1,1,7.799670022547725,5.694180613259815,3.645188627119481
144,1,2,8.555637051244018,5.902212078672572,3.318075258530950
145,1,1,3.330616084140873,3.869885522822149,7.249832264411895
145,1,2,2.530850116651859,3.649382725916904,7.433772634733981
146,1,1,4.600273446831072,3.907449762891972,7.375425699261419
146,1,2,5.099182069003123,4.231085032489025,6.768912272070734
147,1,1,4.170070357211115,4.158412392505189,8.393466660187228
147,1,2,4.007708915794660,4.345251886551703,9.207011488820159
148,1,1,7.738541423791800,4.746346552944792,6.217266255585461
148,1,2,7.528804503915977,4.762955266385331,5.393575227110199
149,1,1,7.192177356365192,4.693533206943385,3.385143248779130
149,1,2,7.244567256074749,4.427508755390446,2.579429173528498
150,1,1,7.299207004411136,6.783525008045256,1.774750687974437
150,1,2,6.966538940568852,6.002954447845147,1.827769065957026
151,1,1,2.138956053138244,0.7689106220882837E-01,3.417736131309575
151,1,2,2.189588625226436,0.5671947803060964,4.110563581573818
152,1,1,0.9113209753470891,7.773419402365966,5.006580540896263
152,1,2,0.6609209942010297,7.190320625726832,5.571865308364847
153,1,1,4.034467054744726,4.713973804559155,6.733163380186502
153,1,2,4.617998075223434,4.362573822664213,6.224949204036863
154,1,1,0.4386252277590210,8.246524035379737,3.895885383383144
154,1,2,0.8614656281394528,7.868251080839601,3.262840607236874
155,1,1,1.749790399915443,7.761435711391168,3.936038742655431
155,1,2,1.853173676977031,8.051071067786852,3.142869698660524
156,1,1,0.8910939670912319,6.937919610298085,4.208734534546201
156,1,2,0.7015763089558488,6.621270574828163,3.443558209569403
157,1,1,6.247995295736922,5.278449025365462,2.573822037126013
157,1,2,6.764734803442011,4.981575146518462,1.967497876649442
158,1,1,0.7202502317356774,0.8996538525179767,5.524928365413995
158,1,2,0.6689705915511149,0.4113550754843912,4.831015858977931
159,1,1,5.097632549184716,2.609844225726020,7.176793060061280
159,1,2,5.376687653869191,1.903037591435227,7.557755648789332
160,1,1,3.677287822248403,2.448845034407427,7.046714212395201
160,1,2,3.992252283520279,3.193176797247223,7.309401306936919
161,1,1,2.823408546561981,8.705837129181599,9.674291015259815
161,1,2,2.345493637985367,9.117539140515330,9.104781157618639
162,1,1,1.126541481932001,6.425123496201290,5.363098718761974
162,1,2,0.5638557440658254,5.894216454618022,5.716281250012065
163,1,1,4.088723573000546,3.283368191449256,6.397208304839868
163,1,2,3.979990168658045,3.704205216926165,5.666653610377931
164,1,1,4.281814039929670,1.429949828666124,7.158097892601226
164,1,2,5.019981057096547,1.080248000520217,7.393711708723172
165,1,1,6.119701331573759,1.688246250608281,2.484552754715607
165,1,2,6.817340804454824,1.956610788386667,2.079956798951347
166,1,1,6.069201367088276,4.659579995225274,3.525957212276497
166,1,2,5.311457530030578,4.724401545486444,3.906035748574639
167,1,1,8.770036824605892,0.4947954921824922,5.447972846523398
167,1,2,8.381149308006147,9.755183581323287,5.291534964590228
168,1,1,1.290682533869131,1.442629897125143,6.479739031862366
168,1,2,0.8689217400564347,2.163139465280153,6.638278573166466
169,1,1,4.159857783980250,3.548137837672494,9.540442288897038
169,1,2,4.037751635807930,2.850660126241069,0.1161891311699498E-01
170,1,1,4.029278842742447,9.527769535666383,8.153614248513911
170,1,2,4.771691009151136,9.231753959979308,8.443390744524976
171,1,1,3.708491818820000,5.265177834974063,9.079914374258706
171,1,2,3.247758624477140,5.670447071925699,9.668183232025147
172,1,1,0.9120129458079356,9.339345631837647,3.811024594378035
172,1,2,1.307705931323325,0.6956261012157683E-01,3.630286336595014
173,1,1,6.348645430821843,4.142143945296541,2.355104510022270
173,1,2,6.944943761796505,3.590107449373158,2.106544280694660
174,1,1,8.728891778552271,1.542876919976576,5.128187836139744
174,1,2,8.779473556721690,1.861040772887457,4.341720125928456
175,1,1,9.008715984129712,8.293010888728423,2.916006213557512
175,1,2,8.713330369239548,8.309055298720807,2.118978322236839
176,1,1,6.846236872752000,6.271070615121227,2.695218897223288
176,1,2,7.163370877512653,5.484340200443509,2.640404018007056
177,1,1,3.938995769184756,6.063852315115288,0.5994257541508141
177,1,2,4.658669852845244,5.611957138900409,0.6052500890772241
178,1,1,0.2337134735511268,0.9659316410494758,6.550235635511154
178,1,2,0.6505798570273408,1.323149674690202,7.199560773233877
179,1,1,6.864635843835227,6.178479844966154,0.5875789687264965E-01
179,1,2,7.499180143456636,5.814828982593760,0.4922228485863718
180,1,1,2.949775767444701,2.881034273238889,8.162762693736875
180,1,2,2.165202716374026,2.763503732116628,7.857837940258116
181,1,1,7.448752552539236,2.063990037265116,2.966512409236725
181,1,2,7.795623586739336,2.557747595540729,2.367319396688669
182,1,1,8.932851909814888,6.995633185808866,2.929193496098839
182,1,2,9.495895298174529,6.363547849597486,2.851733170297605
183,1,1,9.444629516665536,7.651053984290047,3.626407809679578
183,1,2,0.2531776188790476,7.411369111055126,3.519942803062065
184,1,1,8.061380460010970,2.139545386610552,3.949658207566443
184,1,2,7.917006102155089,2.744945417641176,3.371082286749772
185,1,1,6.309113545541430,7.071238011880881,8.039591112752239
185,1,2,7.090879698994597,7.221406042722205,7.741165858532906
186,1,1,5.597563230681599,0.4248641766521035,6.212166383415748
186,1,2,5.778714840206789,9.617299613593273,6.405921619653227
187,1,1,3.532301028678987,7.396224190859399,1.147189866116229
187,1,2,3.618812923228280,7.206983512585100,1.971516084412436
188,1,1,0.6411019795348151E-01,6.669397614152036,6.018071270545391
188,1,2,0.5107367419738659,6.398086904077958,6.688524748252791
189,1,1,3.940272733253787,4.722160125174430,0.2347275963774209
189,1,2,3.330045211958079,4.287705174482680,0.6368524862158855
190,1,1,6.215914546140438,7.028146447522094,1.840083308072103
190,1,2,6.734945920573879,7.539747172944133,2.277374513275776
191,1,1,5.799468317234473,5.923296169738723,9.291819323370417
191,1,2,6.195984093628225,5.178205141103535,9.193463779816437
192,1,1,7.291204815531901,1.861636889394066,6.621066369101329
192,1,2,6.714698216337803,2.050048357525751,7.217102506130543
193,1,1,7.041184922119150,7.389782174225794,0.8734077554305152
193,1,2,7.483390918561356,7.851651933571975,0.3133162697809566
194,1,1,9.425974919847139,0.4125804311029937,7.030909141208144
194,1,2,9.210350483319107,9.997264383212718,7.740666513609145
195,1,1,6.616906066492916,7.399676074539945,6.780847321803067
195,1,2,6.987237721164971,8.157964362835214,6.680068234966093
196,1,1,1.063723967627926,9.626616730330079,2.745268662630241
196,1,2,1.363270173149467,0.3403269276602137,2.393435331227626
197,1,1,3.591632390146937,4.790295485977722,1.890799913283175
197,1,2,2.933817441903924,4.545973277176038,1.411435734057444
198,1,1,7.720275037249835,3.918575909409535,3.775078981110065
198,1,2,8.278779737712233,3.736610784632019,3.160637976675416
199,1,1,0.6401479530886286,9.668666355304781,6.804659206087714
199,1,2,1.168488388539165,9.359138838341876,7.394415549861780
200,1,1,9.191701316745860,1.361423508618852,6.355437042318426
200,1,2,9.500217456305599,1.379770700477148,5.563571772737204
201,1,1,2.589544794232235,0.5188822173201554E-01,7.435954882080019
201,1,2,2.162456280047591,9.863291860478443,8.146214974135017
202,1,1,0.1817050215915959,8.655696197191064,2.891281360999716
202,1,2,0.2321924597027738,7.893603852552251,2.517887479555228
203,1,1,2.840043650617833,2.427674546745562,5.428400070888751
203,1,2,3.474754662320227,2.993154722695276,5.439124897252291
204,1,1,8.247202864235861,0.8536507416653910,6.410031871180078
204,1,2,7.857356904674054,0.2939427379391590,5.902857389085747
205,1,1,5.172612495715476,2.390874541756337,1.926080227195883
205,1,2,5.393962064787075,2.620499645235316,1.138419750962561
206,1,1,6.219192092162537,7.923898464267165,9.973122699205588
206,1,2,6.538607529754703,8.703257044292908,9.860724567355266
207,1,1,7.378328433431839,7.075687726041271,9.815604088416308
207,1,2,7.513987784259412,7.611832153589815,9.170129018753839
208,1,1,6.894518212841253,0.9637839338814919,5.785195737566945
208,1,2,6.731530871125389,0.1359800918679459,5.682456579772857
209,1,1,4.420718644830640,0.8736395121407411,8.378503282449030
209,1,2,4.397636761191238,0.8388128346904680E-01,8.691816738318551
210,1,1,6.508555657607809,5.799615241786492,3.597151884073574
210,1,2,6.822684162673660,6.023330551991688,4.354849363636844
211,1,1,0.5774436818906766,9.084219441172388,5.687553418694187
211,1,2,1.360356813559874,9.256299737930524,5.970155929382551
212,1,1,3.387847638119398,6.460994242356999,9.000386391134322
212,1,2,2.680105286956138,5.991181550566021,9.029993960943726
213,1,1,9.160781357548672,3.210835759880637,5.820052741689993
213,1,2,9.584536919369629,3.185241390078962,6.556352724318382
214,1,1,2.876056381233397,7.477481607653392,8.900791016023978
214,1,2,2.242311640954982,8.033075510832790,9.011157337354256
215,1,1,4.903804588782126,6.657679305923310,4.113806048532000
215,1,2,5.268776613363557,6.112655809779604,4.654519103227961
216,1,1,3.815787804750885,8.154381423047688,2.208000084603313
216,1,2,4.585492698359200,8.284350741340321,2.544418858296545
217,1,1,1.837547639827355,8.872620704608565,1.833189284707933
217,1,2,1.807685238992180,9.487408779294583,1.247077353720627
218,1,1,4.593021592814413,0.3225047671421783,7.110401898255021
218,1,2,5.418455711055822,0.1811194396950984,7.255534010182934
219,1,1,8.482470758468986,1.484158502696259,7.354047705805921
219,1,2,8.169095094524804,2.232585642627683,7.607944436823608
220,1,1,9.485378520623001,9.406015118873555,5.062467045376346
220,1,2,8.843035348557875,8.890993755658648,5.273161721951262
221,1,1,4.861069859769224,0.8833260697922111E-01,5.234990025686050
221,1,2,4.572652903399459,0.8865645555539727,5.195012482228032
222,1,1,6.192541604672452,3.875869582520966,5.508122218885197
222,1,2,5.577927001364643,4.364688119135360,5.833114688841560
223,1,1,2.058320207128041,9.649226794400484,4.333575041060414
223,1,2,2.766720776973644,9.712356027156490,3.867526715071438
224,1,1,1.381608802033881,7.235976194986372,6.049916867854469
224,1,2,1.263498504779175,7.562163259147289,6.826210017253671
225,1,1,0.9278353393813835E-02,7.724751347549250,5.918837262831396
225,1,2,9.880794682671953,8.533202022034384,5.689263542371986
226,1,1,3.632001217508592,7.514348934794111,8.008423049339342
226,1,2,2.849502457910616,7.360812199239764,7.714249586971862
227,1,1,5.433604762099808,7.906906216282519,9.184441416953456
227,1,2,5.525512011728427,8.610358855711830,8.716589498607739
228,1,1,0.6007787931784047,1.856514675964959,5.802521343245345
228,1,2,1.193776319590855,2.459307856763249,5.717865735100431
229,1,1,7.228598280064467,3.144512139249774,2.832212821643428
229,1,2,7.691454057613016,3.656644850882530,2.335924341959374
230,1,1,4.242513117943046,0.8325383199279632,3.019995585415713
230,1,2,4.537399519065029,0.2141960252484985,2.516684474807709
231,1,1,3.460269856551511,2.557384136151793,9.135849368495144
231,1,2,4.285212129927510,2.759905899042334,9.109024339830796
232,1,1,3.502876476543440,2.218377057943125,0.4147124220729325
232,1,2,3.205455026425932,1.422365584471778,0.4034255157736089
233,1,1,3.573926685396385,1.340878906919818,9.345832282415419
233,1,2,4.413606401790279,1.461926311621031,9.297973607017569
234,1,1,4.183830173857609,3.835433840907491,0.9522732600277166
234,1,2,4.648114090085043,3.196363496861816,1.265561210600006
235,1,1,4.683370470600409,2.022780358056449,8.062345240162875
235,1,2,5.097120261664552,2.764643709837469,8.093982067581798
236,1,1,5.878343141498336,9.765258737242551,4.127616831919557
236,1,2,5.996300868102980,9.635148459622584,4.958957221431938
237,1,1,7.071322919568175,6.309657217383286,8.768331288039013
237,1,2,7.834118022347801,6.345847279207416,8.394870166633812
238,1,1,3.151565581606160,8.726372343749546,7.328886587173497
238,1,2,2.551228363398234,8.338353766345243,6.868482639365493
239,1,1,4.420843482305801,9.549092472821236,6.388303353700472
239,1,2,4.890058864571853,9.417715294654732,7.085041458331942
240,1,1,4.422354078480564,9.885570673742038,3.852611341966622
240,1,2,4.208219532051686,9.650713827560855,4.641170263059101
241,1,1,5.327583925008052,9.749056174182439,2.849692858115959
241,1,2,5.343622633458681,9.066447321185517,2.343804178922684
242,1,1,9.261180591698620,6.263173347622553,3.980253258314460
242,1,2,8.414487137835701,6.283536421588173,3.908795668858636
243,1,1,1.878606122616538,1.396055719386812,5.381691696340135
243,1,2,2.046533905018690,2.177862487269676,5.669291904414618
244,1,1,8.626136229869045,7.071342120249706,1.905502634605646
244,1,2,8.356878544925049,7.638686279761797,1.332875721223883
245,1,1,3.081637039341366,3.601337688684303,9.312533613974228
245,1,2,2.389193068467685,3.480771795606708,9.790305411792065
246,1,1,7.890283805282491,6.650484018892144,0.8227869807563517
246,1,2,7.167595530719643,6.288609461976449,1.086648912783402
247,1,1,7.562296675858007,7.389311426363035,6.057944004281292
247,1,2,7.800886705715079,8.000777073621510,5.518165156993467
248,1,1,5.159012145063148,4.439799344897129,0.5638353106830318
248,1,2,5.841844282408272,4.924839041977149,0.4212846448049026
249,1,1,8.313094660709771,6.712714215497065,6.535456059351728
249,1,2,8.718857747118108,6.022607285166862,6.820966103129906
250,1,1,9.184149193629159,7.133905545168622,6.235190193138616
250,1,2,9.293406391574150,6.860479976952777,7.032221278664121
251,1,1,7.627505075260489,7.225478321836258,8.400871860495631
251,1,2,7.952055182566898,7.980347613848029,8.183042363047543
252,1,1,7.621056416442460,7.821732225224570,7.185055010010231
252,1,2,7.882626887426318,8.207543436369333,6.474701217384091
253,1,1,9.778775066480458,8.902521378941401,6.719079295985179
253,1,2,0.5929598465150172,8.715090281457949,6.874841535142060
254,1,1,2.986880788147201,5.213348861225806,0.7984456383366838
254,1,2,2.825297895873300,6.047740720753680,0.7879360633811006
255,1,1,9.702270432791590,9.160877243082011,7.759287117046771
255,1,2,9.985176787042011,9.054649325646045,8.553931001699249
256,1,1,1.061162231325756,8.355601666815778,6.253983712738984
256,1,2,1.675703718536026,8.647314706864439,6.763298664775487
257,1,1,9.664799959998351,7.983770875963549,7.118141065281722
257,1,2,0.3624713354653992E-01,7.628024429390338,7.794625300588481
258,1,1,2.418788779083632,1.176507748280553,3.537206975413778
258,1,2,2.571461019002454,2.011606041171726,3.501288243955226
259,1,1,3.210569669721717,1.440455638078608,1.467980073886578
259,1,2,3.115054724740944,1.963515315117513,2.131224666016172
260,1,1,3.329344410484931,6.978558473137527,2.848714052998314
260,1,2,4.021502191017511,6.508548839580670,2.697491740343370
261,1,1,4.754805382125164,5.207891475071152,9.816964559106880
261,1,2,5.603992151888541,5.209954193164211,9.779929890690752
262,1,1,0.3621071050251589,7.216981384442956,6.871195762921727
262,1,2,9.893208583632275,6.859470038537070,7.483076101285208
263,1,1,2.380739468687919,9.073563934957564,0.7457892460144179
263,1,2,1.859222490482839,8.407072765845026,0.6697623191486194
264,1,1,4.776730563231333,7.604688542739503,4.932804682404109
264,1,2,5.227893763680062,7.698727544337871,5.646706541788964
265,1,1,7.770263535792630,7.802573262836557,2.067570500087517
265,1,2,8.145282827189538,8.490722418762257,1.738564673425320
266,1,1,8.718639067340655,8.026379322236638,6.136508974119616
266,1,2,8.174797570454629,8.665827046709030,6.003180066411590
267,1,1,1.392214442137501,0.9794749563375970,4.340531088929077
267,1,2,0.7602073067602519,1.032334833841545,3.774748275022546
268,1,1,3.073715181385493,4.630758476708473,9.677049412061859
268,1,2,2.331934178492906,4.544300404696872,9.271384196321216
269,1,1,2.130304932137812,1.038994660943557,7.287645410361550
269,1,2,1.588373503431178,1.622626184530757,7.584499153333039
270,1,1,2.620959716703431,2.455563832420196,9.691647690379387
270,1,2,2.593812461182122,1.631332236167540,9.899667684573133
271,1,1,2.999700861494857,4.110079443918145,8.404067908468701
271,1,2,2.418851774356949,3.498254320068772,8.508765671810501
272,1,1,4.114349114545640,1.190655107403022,1.036380509515304
272,1,2,4.344917334875851,0.3867822674601309,0.8841793333485770
273,1,1,2.881164629070245,5.929000372264800,3.417160092233098
273,1,2,3.413447712336831,5.358273971200929,3.753543286577509
274,1,1,3.332571919165101,3.386006845283821,0.4094773921000560
274,1,2,2.885332271929777,3.835028908861184,0.9756606163322838
275,1,1,6.722631459329352,8.006199916085786,7.790889148864437
275,1,2,6.091671821900886,8.466071700093043,7.455679059837136
276,1,1,8.635152796999032,8.514945178955191,7.028128261417060
276,1,2,8.736593711180303,8.900774133410591,7.778990796452954
277,1,1,5.336252883861233,9.181255494104043,5.604531277252100
277,1,2,5.395454587738453,8.757253131619898,6.338965808565844
278,1,1,4.886700472520586,8.881535165538132,4.347004988263656
278,1,2,4.365463138207260,8.856005059540800,5.017876377925842
279,1,1,5.757640216540739,8.012547957870119,4.888763722769920
279,1,2,5.952913718283695,8.809643828073225,5.110103753924283
280,1,1,5.459818168787169,6.916914461055858,5.256925114847491
280,1,2,6.201233555196584,7.187774823924260,4.941929005444178
281,1,1,7.293070094685852,0.8365697868506267,2.302941962861404
281,1,2,6.864672327811550,0.1031753969010654,2.343300446565420
282,1,1,8.605171368203910,7.479651850714741,7.512035504707237
282,1,2,9.182782967093663,7.633252405354847,8.116522993583194
283,1,1,9.804495326634067,1.399206435836987,7.653635902343852
283,1,2,9.378984583047322,1.030117775583782,8.290293991666335
284,1,1,0.2619220292738959,0.4097479954616176,7.752580911064378
284,1,2,9.969189142713025,9.927801843866064,8.388427135719091
285,1,1,6.908637764138764,9.714842412138655,3.148117373258395
285,1,2,6.089568583806321,9.546088879573118,3.300665745640969
286,1,1,3.265170934337096,4.242582148056090,5.951201595271784
286,1,2,3.196502509974594,3.641262646175532,5.354520666705124
287,1,1,0.8092412702084235,1.981618847020563,4.629594194820053
287,1,2,0.7265917263663436E-01,1.559837620414571,4.592726074809629
288,1,1,1.832526524293407,1.988684233697446,4.460127584893690
288,1,2,1.726679591834124,2.641557347538136,4.994459930333130
289,1,1,4.225437224516429,5.250619944190477,5.897293423231531
289,1,2,4.685389230639546,4.943850504156694,5.251514974289295
290,1,1,8.636220567291184,4.609065899575165,3.494756127632064
290,1,2,9.198187626617385,5.083903770832944,3.068486403725115
291,1,1,9.614171103978750,2.272534562696286,6.777323017993618
291,1,2,0.3029098063686504,2.728488374712656,6.577003357034105
292,1,1,8.959826487163648,5.149690655357640,4.406741554412351
292,1,2,9.688560381708211,4.787643093043528,4.161390695588477
293,1,1,2.746343294553579,3.006757656475033,4.012354881723038
293,1,2,2.005484955235162,3.414059253270879,4.099061191626283
294,1,1,4.199285304624365,9.350204787570023,2.860477657815542
294,1,2,4.432049615993998,8.844035371297895,3.502100096553769
295,1,1,3.820437267202965,4.736815411938646,4.333873942886185
295,1,2,3.394525864966357,4.138260339079949,3.906793905060717
296,1,1,2.535215360891089,5.031864895234406,4.069718555779364
296,1,2,2.379974068215337,4.356206532598353,3.577313224572753
297,1,1,2.272076896805076,9.830953314141048,2.105219826909299
297,1,2,2.223317556323543,0.4860909278303301,1.565804131496892
298,1,1,3.529555718511443,4.602264382434118,3.186461625985601
298,1,2,4.072313268061840,4.131554349182814,3.640761642311380
299,1,1,6.639430696317532,8.289516426225783,1.711975098613507
299,1,2,7.417841389206963,8.606903727673849,1.584383373672030
300,1,1,3.475130152344282,5.718585392497129,2.294906944165718
300,1,2,2.983307840607736,5.892717068379893,1.623892974885611
301,1,1,5.852204762261895,1.447297638370676,1.202146040745245
301,1,2,6.525285789897092,1.889782886954428,0.9307257306904709
302,1,1,8.640784617711539,9.606104161013036,6.105629731291293
302,1,2,9.096769154794913,9.457076244982414,6.807099786175353
303,1,1,3.877260533742344,3.286520732670175,3.204904046739102
303,1,2,3.508535796111131,3.043219191273653,2.478389271187889
304,1,1,7.349462176397652,6.906476668910634,4.097299058224067
304,1,2,6.778235684999212,7.535173875472594,4.079797626217532
305,1,1,5.359571850136740,7.752174103758772,4.003023494031501
305,1,2,6.165858339368032,7.694509094690264,3.740989636581471
306,1,1,2.575533380140143,6.273439389584668,5.441412774819940
306,1,2,2.586625014587111,5.526115645807598,5.036838558555911
307,1,1,8.986914378010873,0.3264265820096693,3.332361912274123
307,1,2,9.584788565521597,0.9306512123916247,3.340130445071814
308,1,1,3.634593493242201,3.324005572844514,4.607504552000746
308,1,2,4.279695722787680,3.875857475339936,4.563232610978428
309,1,1,0.1453490103675258,0.1325044019550607,3.063424301429631
309,1,2,0.1824094441420003,9.688431691048960,2.339465700567589
310,1,1,9.006831285173659,4.218095354711513,6.324443798806187
310,1,2,9.269337097002046,4.853395940102219,6.823852844187179
311,1,1,2.458223228951911,6.577532091772646,6.661898330739826
311,1,2,2.191000597014037,5.845434930631789,6.322433663768638
312,1,1,5.905486249869810,3.494658243288934,6.877845601305142
312,1,2,5.780218736555048,3.974638152378436,7.568162764260355
313,1,1,3.421939394911996,7.198925095441606,5.983782386379510
313,1,2,3.547409330046891,7.705064820029399,6.654720864285535
314,1,1,6.956140671992006,6.550249050143543,5.100465318164489
314,1,2,6.187312330778467,6.330354533566003,5.388355826732558
315,1,1,4.234739335492351,8.366232129986352,5.850932543769512
315,1,2,3.841477683974321,9.114650010314941,5.764247793419428
316,1,1,3.846300743181521,9.225669833238985,9.886452259949893
316,1,2,4.290978367732460,9.761770096361483,0.3738430370865969
317,1,1,9.371385718847966,7.733966101704989,2.145101144752231
317,1,2,9.878868873550882,8.243368158251942,1.691801648245395
318,1,1,5.257853988885833,8.640015651889762,3.134894878700369
318,1,2,5.842781276171074,8.490769159702618,2.537084057471228
319,1,1,7.898398451486008,6.300556337289556,9.380646258794776
319,1,2,8.486247945931856,6.523667345865356,8.808630034926084
320,1,1,4.671574050046067,1.936218104765235,0.6144196594273641
320,1,2,4.340076842927932,1.407237255183483,0.3747961465811703E-01
321,1,1,2.713611779286310,4.227827593248867,4.809995975920738
321,1,2,2.452993636159927,4.615244978401590,5.520197576384455
322,1,1,2.773374601526954,2.718184340061216,0.9439003365115926
322,1,2,2.190189080153630,2.352156876058611,0.4457907037500665
323,1,1,2.977273800424802,0.2404232274567176,9.674719981806897
323,1,2,2.392546250170010,9.719524591693615,0.5540756287921161E-02
324,1,1,9.308599120417407,9.456682103836538,2.572722448605724
324,1,2,9.624997438727759,9.851307085093442,1.889732171332354
325,1,1,2.896734851037903,3.088596151529813,6.414260764379138
325,1,2,2.286146951593207,3.677949376964011,6.463594899353565
326,1,1,7.857151923134296,9.652591805010379,6.876900687231506
326,1,2,7.079900990384591,9.499471557789438,6.569143847873912
327,1,1,3.240634422615925,8.420930557032598,6.002322474717015
327,1,2,3.418339267069320,8.659493507572938,5.205929562653012
328,1,1,7.040968557615193,0.5114342608335645,7.114527841614112
328,1,2,6.717180648809910,0.7853755424110637,7.850607448618431
329,1,1,8.337133485493990,0.5156309602742153,7.643684290484126
329,1,2,7.897272694833293,0.8258617553658952,8.301306186088606
330,1,1,0.7867578634460181,8.327688669206170,7.627862528936170
330,1,2,0.5772523456130284,8.557992405671149,8.418938119803629
331,1,1,7.665714776631611,5.220024292151824,8.267819650155996
331,1,2,8.235391476676210,4.711673304245729,8.640760756540326
332,1,1,9.546879099610408,2.238688000032584,5.330211751105343
332,1,2,0.1175388229636754,2.630341871400438,4.836996003754820
333,1,1,8.198395270786399,5.872831713772250,2.346180062169375
333,1,2,8.947375284889654,5.484872383840647,2.450402443132444
334,1,1,9.441485751192504,6.321481516570112,1.924225002208916
334,1,2,9.077311180854643,6.134425247519609,1.179187627189577
335,1,1,8.644999516440578,7.109600663576436,9.670916767520634
335,1,2,9.481013705785156,7.215886653865771,9.558645911134086
336,1,1,1.632815299109978,2.414714069984617,3.231838061963043
336,1,2,1.739907540161305,2.397831112137362,2.389075116060682
337,1,1,1.804843941043250,6.315955453803708,3.746738306987464
337,1,2,1.696255763254836,5.482031654321901,3.868783157839210
338,1,1,8.143532127185436,0.2941337732136700,2.605955371655841
338,1,2,8.431620273771037,0.5229901859666071,1.839534602122842
339,1,1,2.208902258315236,5.916559786903405,2.463014792467071
339,1,2,1.832158884248118,5.615873460176205,3.162718921325779
340,1,1,1.443031945341016,6.986303087371928,7.505399967410462
340,1,2,1.565953979505490,6.475048514646709,8.173479391652405
341,1,1,8.915382307841282,6.081958806486004,9.955821230957058
341,1,2,8.301029904576684,5.495495628260715,9.928484323562364
342,1,1,9.921167752100544,4.305670802871792,5.360477707469139
342,1,2,0.6736370592996292,4.218926437459727,5.746529764354468
